Source,Target,Weight
deutsch,german,324
german,deutsch,281
lustig,deutsch,265
minecraft,deutsch,246
deutsch,twitch,175
lustig,funny,371
comedy,lustig,293
lustig,prank,255
fun,lustig,220
comedy,funny,315
fun,funny,172
sketch,funny,137
funny,comedy,133
lustig,comedy,196
prank,comedy,172
fun,comedy,161
lustig,vlog,149
vlog,funny,119
vlog,deutsch,94
vlog,daily,92
vlog,vlogs,85
highlights,stream,221
twitch,highlights,188
highlights,,184
highlights,sky highlights,173
sky sport hd,highlights,173
rtl2,RTL,447
ganze folge,RTL,447
tv now,RTL,447
preview,RTL,447
btn,RTL,266
DAZN,DAZN Highlights,798
UEFA Champions League,DAZN,136
DAZN,DAZN Länderspiele,136
UEFA Champions League Highlights,DAZN,133
DAZN UEFA Champions League,DAZN,130
rap,deutschrap,518
rap,hiphop,365
hiphop,rap,223
haftbefehl,rap,113
azzlackz,rap,111
minecraft,challenge,251
challenge,deutsch,137
funny,challenge,127
challenge,ghg,122
challenge,bastighg,122
minecraft,minecraft challenge,158
minecraft,mc,147
minecraft,hardcore,136
Fußball,Fussball,228
Fußball,Soccer,218
Fußball,Football,211
Fußball,Bundesliga,195
Fußball,sportstudio,169
DAZN Highlights,DAZN Länderspiele,134
DAZN Highlights,DAZN Fußball International,124
DAZN Highlights,Goal Deutschland,114
UEFA Champions League,DAZN Highlights,113
hiphop,deutschrap,441
deutschrap,rap,109
deutschrap,hiphop,95
hip hop,deutschrap,68
ganze folge,tv now,663
rtl2,ganze folge,457
ganze folge,preview,390
ganze folge,tägliche highlights,351
Berlin,rtlzwei,271
berlin - tag & nacht,Berlin,271
rtl2,Berlin,271
btn,Berlin,271
berlin tag und nacht,Berlin,271
hiphop,hip hop,57
rtl2,tv now,495
preview,tv now,452
tv now,tägliche highlights,351
german,twitch,110
minecraft,german,100
german,neu,95
rtl2,preview,452
preview,tägliche highlights,351
twitch,live,220
twitch,stream,188
trymacs,twitch,152
Fußball Highlights,Highlights,217
Sky Highlights,Highlights,194
Sky Fußball,Highlights,194
EPL Highlights,Highlights,177
Premier League Highlights,Highlights,176
Rap,Deutschrap,248
Rap,Hip Hop,213
Hip Hop,Rap,165
Deutschrap,Rap,133
Rap,deutschrap,47
Bundesliga,Bundesliga Highlights,200
BVB,Bundesliga,121
Bundesliga,Fußball,111
Borussia Dortmund,Bundesliga,110
trymacs,live,139
live,highlights,138
live,stream,114
live,lustig,111
rtl2,rtlzwei,294
tiktok,funny,60
tiktok,viral,48
tiktok,shorts,45
shorts,tiktok,41
tiktok,tik tok,40
stream,oscar köln,208
stream,vorschau,208
Köln,stream,208
Serie,stream,208
fun,amerika,180
varion,fun,154
fun,prank,151
prank,usa,148
prank,amerika,147
reaktion,reaction,124
reaction,reaktion,105
reaction,reagiert,91
comedy,reaction,85
funny,reaction,64
Comedy,Unterhaltung,92
Sketch,Comedy,92
prank,Comedy,83
fun,Comedy,70
Comedy,Lustig,69
deutsch,tutorial,140
minecraft,tutorial,84
tutorial,tricks,80
tutorial,tipps,79
fifa,tutorial,79
nachrichten,news,122
aktuell,news,96
news,nachrichten,78
welt,news,73
news,tv,70
Sport,Highlights,145
F1,Sport,120
Sports,Sport,119
Sport,Action,118
Sport,Auto Racing,118
reaktion,reagiert,122
deutsch,reaktion,82
twitch,reaktion,82
Deutschrap,Hip Hop,189
Hip Hop,Deutschrap,91
Deutschrap,rap,33
Football,Soccer,213
Fussball,Football,166
Soccer,Football,135
FC Bayern,Football,118
doku,dokumentation,145
doku,reportage,120
reportage,doku,64
doku,funk,52
doku,experiment,40
ZDF,sportstudio,166
Fußball,ZDF,147
Fussball,ZDF,126
Bundesliga,ZDF,95
Bundesliga Highlights,ZDF,87
Dortmund,Germany,320
Germany,GTI,304
Germany,Burnout,304
Turbo,Germany,304
Germany,Fail,303
video,official video,66
news,video,65
haftbefehl,video,63
rap,video,62
nachrichten,video,60
Dortmund,Tuning,306
Turbo,Dortmund,306
Dortmund,Corvette,305
Dortmund,GTI,304
Doku,Dokumentation,230
Reportage,Doku,153
Doku,Reportage,124
Dokumentation,Doku,84
Doku,TV,66
german,2021,44
deutsch,2021,37
2021,doku,34
neu,2021,31
2021,2022,29
comedy,funk,69
dokumentation,funk,43
funk,ARD,42
News,funk,39
musik,music,55
fun,music,54
music,funny,44
music,vlog,40
music,hiphop,37
Berlin,Deutschland,86
Deutschland,Natur,83
Survival,Deutschland,81
Fußball,Deutschland,80
Fussball,Deutschland,78
Reportage,Dokumentation,180
Dokumentation,Reportage,124
Dokumentation,Deutsch,67
Fussball,Soccer,167
Fussball,sportstudio,136
Hip Hop,deutschrap,20
Reportage,TV,69
deutsch,2022,44
TV,2022,42
welt,2022,31
Deutsch,2022,28
fortnite,deutsch,144
lustig,fortnite,106
fortnite,minecraft,106
twitch,fortnite,101
fortnite,battle royale,92
Ferrari,Bugatti,318
Ferrari,BiTurbo,292
Lamborghini,Ferrari,292
Ferrari,Cars,292
Ferrari,GTI,292
ganze folge,liebe,178
tv now,liebe,171
krass klassenfahrt,liebe,171
preview,liebe,171
RTL,liebe,170
soccer,football,161
football,soccer,99
football,highlights,75
football,goal,72
family,football,67
Minecraft,minecraft,56
Minecraft,Deutsch,53
Minecraft,minecraft hardcore,24
Minecraft,tutorial,19
Minecraft,Challenge,19
berlin,vlog,79
comedy,berlin,73
lustig,berlin,72
berlin,interview,65
geld,berlin,63
FC Bayern,Soccer,118
highlights,2020,45
sport,2020,42
game,2020,40
highlight,2020,39
Football,2020,38
RTL,TV,100
TV,TV Sendung,84
Deutsch,TV,66
Fail,Compilation,303
Jean Pierre Kraemer,Fail,303
Burnout,Fail,303
PS Profis,Fail,303
Abgasanlage,Fail,303
RTL2,tv now,213
RTL2,ganze folge,209
RTL2,nelly köln 50667,208
Köln,RTL2,208
RTL2,vorschau,208
trymacs,highlights,140
trymacs,livestream,137
trymacs,deutsch,134
highlights,sport,70
training,sport,52
workout,sport,50
highlight,sport,46
Football,sport,44
Audi,VW,317
BMW,VW,315
Tuning,VW,305
VW,GTI,304
Dortmund,VW,304
Turbo,Tuning,330
Boost,Tuning,330
Tuning,GTI,304
lustig,witzig,162
witzig,lustig,101
comedy,witzig,66
witzig,funny,59
funny,witzig,58
minecraft,gaming,54
gaming,gameplay,48
gaming,games,47
gaming,funny,47
gameplay,gaming,31
shorts,funny,36
shorts,viral,34
funny,shorts,30
BMW,Golf,317
BMW,Audi,310
BMW,M4,303
BMW,Cars,301
VLOG,Fail,303
VLOG,Compilation,303
Tuning,VLOG,303
PS Profis,VLOG,303
Turbo,VLOG,303
BMW,Porsche,301
Porsche,Cars,290
Porsche,Corvette,289
Porsche,BiTurbo,289
Tuning,Porsche,285
RTL,tägliche highlights,208
köln 50667 phil,tägliche highlights,208
Audi,Golf,318
Audi,R8,303
Audi,918,302
Lamborghini,918,302
Lamborghini,Bugatti,302
Tuning,Lamborghini,302
Lamborghini,Veyron,302
Lamborghini,GTI,302
Golf,GTI,302
Tuning,Golf,302
VW,Golf,302
experiment,test,44
test,review,38
deutsch,test,33
test,mercedes,31
funny,test,29
rap,hip hop,102
hip hop,rap,89
samra,hip hop,70
hip hop,capital bra,69
hip hop,bushido,69
Bugatti,Veyron,302
Tuning,Bugatti,302
Turbo,Bugatti,302
deutsch,fifa,114
fifa,eliasn97,82
fifa,eligella,81
fifa,fifa 22,79
Turbo,Burnout,304
Jean Pierre Kraemer,Turbo,303
Premier League,Premier League Highlights,248
Premier League,Premier League Sky,231
Premier League,Sky Highlights,230
Premier League,Sky Fußball,215
Premier League,EPL Highlights,176
livestream,highlights,148
livestream,deutsch,137
twitch,livestream,119
livestream,lustig,114
Reportage,Deutsch,66
RTL,Deutsch,66
Doku,Deutsch,66
Boost,Dortmund,303
PS Profis,Boost,303
Boost,Compilation,303
Jean Pierre Kraemer,Boost,303
essen,food,61
rezept,essen,49
kochen,essen,44
rezepte,essen,44
food,essen,41
Fußball Highlights,Sky Highlights,232
Highlights Englische Liga,Sky Highlights,232
Premier League Highlights,Sky Highlights,232
Premier League Sky,Sky Highlights,217
diy,how to,75
do it yourself,diy,59
diy,funny,58
diy,challenge,58
diy,fun,57
JP Performance,Abgasanlage,303
JP Performance,Tuning,303
JP Performance,Germany,302
JP Performance,Burnout,302
JP Performance,PS Profis,302
Köln,oscar köln,208
Köln,50667,208
Köln,ganze folge köln,208
Köln,vorschau,208
Köln,ganze folge,208
Funny,interview,103
comedy,interview,72
lustig,interview,66
geld,interview,64
game,gameplay,78
gameplay,deutsch,47
gameplay,livestream,42
nintendo,gameplay,39
family,soccer,67
family friendly,soccer,67
highlights,soccer,59
Tuning,Compilation,304
Loud,Compilation,303
Abgasanlage,Compilation,303
Audi,Cars,302
VW,Cars,302
Germany,Cars,302
Tuning,Cars,302
R8,Cars,301
lustig,lachen,133
lachen,lustig,115
lachen,funny,68
challenge,lachen,68
lachen,trends,58
Vlog,spaß,32
Vlog,Auto,29
Berlin,Vlog,25
Vlog,montanablack,24
Vlog,Unterhaltung,23
highlight,highlights,158
twitch,highlight,124
livestream,highlight,107
live,highlight,103
lustig,highlight,103
Jean Pierre Kraemer,Tuning,304
Jean Pierre Kraemer,Abgasanlage,304
Jean Pierre Kraemer,Exhaust,303
Jean Pierre Kraemer,Compilation,303
schwanger,schwangerschaft,108
schwanger,baby,96
schwanger,familie,90
vlog,schwanger,74
schwanger,daily,66
tv now,rtlzwei,291
ganze folge,rtlzwei,272
berlin - tag & nacht,rtlzwei,272
berlin tag und nacht,rtlzwei,272
VW,Corvette,302
Jean Pierre Kraemer,Corvette,302
Abgasanlage,Corvette,302
BiTurbo,Corvette,301
Compilation,GTI,302
deutsch,review,43
review,new,36
review,deutsch,33
german,review,32
JP,Dortmund,304
JP,Tuning,304
JP,Turbo,303
JP,Exhaust,303
JP,Compilation,303
PS Profis,Burnout,304
Dortmund,Burnout,304
funny,new,62
challenge,new,62
prank,new,55
how to,new,53
new,fun,53
fußball,challenge,114
fußball,brotatos,78
fußball,bundesliga,39
fußball,deutsch,35
brotatos,fußball,34
twitch,realtalk,87
deutsch,realtalk,71
realtalk,storytime,61
german,realtalk,59
live,realtalk,57
PS Profis,Compilation,303
PS Profis,Exhaust,303
PS Profis,Germany,303
Drift,Burnout,303
Turbo,Drift,303
Drift,Tuning,302
Germany,Drift,302
Jean Pierre Kraemer,Drift,302
Abgasanlage,Tuning,304
Dortmund,Abgasanlage,304
Germany,Abgasanlage,303
Exhaust,Abgasanlage,303
Loud,Fail,303
Burnout,Loud,303
Boost,Loud,303
Turbo,Loud,303
Dortmund,Loud,303
Antilag,Loud,303
Antilag,Fail,303
PS Profis,Antilag,303
JP,Antilag,303
Jean Pierre Kraemer,Antilag,303
M4,GTI,301
M4,918,301
M4,Veyron,301
M4,BiTurbo,300
Exhaust,Fail,303
Dortmund,Exhaust,303
Flames,Veyron,302
Flames,Antilag,302
Turbo,Flames,302
Dortmund,Flames,302
Germany,Flames,302
R8,918,302
PS Profis,918,302
Jean Pierre Kraemer,918,302
Germany,918,302
Tuning,918,302
Loud,Veyron,302
Antilag,Veyron,302
Boost,Veyron,302
R8,Veyron,302
R8,GTI,302
Burnout,R8,301
meme,memes,165
lustig,memes,126
twitch,memes,122
trymacs,memes,118
memes,deutsch,107
mobile game,yt:cc=on,78
FCB,yt:cc=on,49
rezept,yt:cc=on,37
football,yt:cc=on,35
Barcelona,yt:cc=on,35
F40,918,302
Lamborghini,F40,301
Burnout,F40,301
JP,F40,301
GTI,F40,301
Backfire,Burnout,301
Boost,Backfire,301
Flames,Backfire,301
Jean Pierre Kraemer,Backfire,301
PS Profis,Backfire,301
Spyder,BiTurbo,301
Lamborghini,Spyder,301
Germany,Spyder,301
Dortmund,Spyder,301
Fail,Spyder,301
twitch,meme,126
meme,lustig,123
meme,stream,103
meme,highlight,101
Fußball Highlights,Highlights Englische Liga,250
Fußball Highlights,Premier League Sky,233
Fußball Highlights,Sky Fußball,217
JP,BiTurbo,301
Golf,BiTurbo,301
Turbo,BiTurbo,301
PS Profis,BiTurbo,301
Supra,Corvette,293
Lamborghini,Supra,265
Abgasanlage,Supra,264
Germany,Supra,264
PS Profis,Supra,264
F1,Formula 1,152
F1,Grand Prix,132
F1,Formula One,129
F1,GP,124
Records,Pop,46
Music,Pop,23
Live,Pop,9
BTS,Pop,8
Pop,Video,8
krass klassenfahrt,schule,208
preview,schule,192
ganze folge,schule,192
tv now,schule,192
rtl2,schule,186
news,deutschland,37
aktuell,deutschland,36
nachrichten,deutschland,36
deutschland,deutsch,30
germany,deutschland,28
baby,daily,66
schwangerschaft,baby,62
baby,familie,57
baby,schwanger,55
Live,Livestream,44
Soccer,Live,42
Football,Live,41
Fußball,Live,37
FCB,Live,29
familie,umzug,71
familie,vlog,61
schwangerschaft,familie,59
deutsch,neu,117
minecraft,neu,105
challenge,neu,68
ghg,neu,65
funny,fail,89
deutsch,fail,78
challenge,fail,68
minecraft,fail,58
fail,tik tok,58
aktuell,nachrichten,72
nachrichten,tv,70
welt,nachrichten,70
RTLZWEI,preview,182
RTLZWEI,krass schule,182
RTLZWEI,schule,182
RTLZWEI,die jungen lehrer,182
RTLZWEI,rtl2,182
berlin - tag & nacht,berlin tag und nacht,273
berlin tag und nacht,btn,272
berlin tag und nacht,ganze folge,272
berlin tag und nacht,rtl2,272
DIY,trends,38
DIY,vlog,26
DIY,sport,24
DIY,lachen,22
DIY,do it yourself,22
btn,rtl2,272
berlin - tag & nacht,btn,272
btn,ganze folge,272
btn,rtlzwei,272
berlin - tag & nacht,ganze folge,272
berlin - tag & nacht,rtl2,272
Mercedes,Bugatti,70
F1,Mercedes,69
Mercedes,Lamborghini,69
Mercedes,Audi,67
Mercedes,Ferrari,65
berlin tag und nacht,berlin tag und nacht folge von heute,271
berlin - tag & nacht,berlin tag und nacht folge von heute,271
ganze folge,berlin tag und nacht folge von heute,271
rtl2,berlin tag und nacht folge von heute,271
btn,berlin tag und nacht folge von heute,271
berlin tag und nacht vorschau,rtlzwei,270
rtl2,berlin tag und nacht vorschau,270
btn,berlin tag und nacht vorschau,270
berlin - tag & nacht,berlin tag und nacht vorschau,270
berlin tag und nacht,berlin tag und nacht vorschau,270
berlin tag und nacht preview,rtlzwei,270
berlin tag und nacht preview,berlin tag und nacht folge von heute,270
ganze folge,berlin tag und nacht preview,270
berlin - tag & nacht,berlin tag und nacht preview,270
btn,berlin tag und nacht preview,270
animation,funny,50
comedy,animation,40
animation,deutsch,36
animation,storytime,35
animation,comedy,34
hausboot,berlin tag und nacht folge von heute,263
rtl2,hausboot,263
rtlzwei,hausboot,263
ganze folge,hausboot,263
berlin tag und nacht,hausboot,263
game,games,55
highlights,game,47
highlight,game,45
game,sport,43
berlin tag und nacht ganze folge,rtlzwei,269
berlin tag und nacht ganze folge,berlin tag und nacht folge von heute,269
berlin - tag & nacht,berlin tag und nacht ganze folge,269
btn,berlin tag und nacht ganze folge,269
berlin tag und nacht,berlin tag und nacht ganze folge,269
lustig,auto,76
deutsch,auto,67
spaß,auto,65
werkstatt,auto,59
maeximiliano,auto,58
Fußball,zdf,30
doku,zdf,26
reportage,zdf,26
zdf,reportage,25
dokumentation,zdf,23
BVB,Borussia Dortmund,136
Borussia Dortmund,BVB,89
Dortmund,BVB,82
Fußball,BVB,70
lustig,spaß,129
spaß,vlog,73
spaß,lustig,71
spaß,deutsch,66
btn,berlin tag und nacht folge von gestern,267
rtl2,berlin tag und nacht folge von gestern,267
rtlzwei,berlin tag und nacht folge von gestern,267
ganze folge,berlin tag und nacht folge von gestern,267
berlin - tag & nacht,berlin tag und nacht folge von gestern,267
sky,sky deutschland,171
sky deutschland,highlights,170
sky deutschland,sky highlights,170
sky deutschland,sky sport hd,170
sky deutschland,Sky Highlights,154
mercedes,amg,88
mercedes,maeximiliano,61
auto,mercedes,53
jp performance,mercedes,47
mercedes,diy,33
FC Bayern München,FCB,168
FCB,Fußball,124
FCB,FC Bayern,123
FCB,Soccer,117
FCB,Football,117
dokumentation,reportage,70
reportage,dokumentation,41
reportage,experiment,38
FC Bayern München,FC Bayern,144
FC Bayern München,Fußball,124
FC Bayern München,Bayern Munich,120
FC Bayern München,Soccer,118
liebe,love,134
rtl2,love,120
preview,love,120
tv now,love,120
RTL,love,120
prank,Unterhaltung,67
Unterhaltung,Comedy,62
Fernsehen,Unterhaltung,60
lustig,Unterhaltung,49
lol,funny,70
funny,lol,67
lol,vlog,66
lol,deutsch,62
lustig,lol,42
news,2023,35
deutsch,2023,25
nachrichten,2023,23
welt,2023,22
aktuell,2023,22
krass klassenfahrt,krass schule,208
krass klassenfahrt,die jungen lehrer,182
neue folgen,krass klassenfahrt,182
krass klassenfahrt,rtl2,182
musik,unterhaltung,40
musik,hiphop,38
musik,trends,38
musik,comedy,34
niklas sommer,fifa 22,132
eliasn97,fifa 22,132
niklas wilson,fifa 22,132
eligella,fifa 22,109
sidney friede,fifa 22,108
Champions League,Highlights,67
Champions League,Fußball,65
Champions League,UEFA Champions League,60
Champions League,Fußball Highlights,41
Fußball,Champions League,40
Premier League Highlights,Sky Fußball,217
Premier League Sky,Sky Fußball,217
Highlights Englische Liga,Sky Fußball,217
Premier League Highlights,Premier League Sky,233
Premier League Highlights,Fußball Highlights,176
RTL,Serie,221
Serie,oscar köln,208
Serie,nelly köln 50667,208
50667,Serie,208
Köln,Serie,208
experiment,funny,72
experiment,challenge,69
diy,experiment,54
experiment,prank,53
how to,experiment,53
Premier League Highlights,EPL Highlights,175
Fußball Highlights,EPL Highlights,175
Highlights Englische Liga,EPL Highlights,175
Highlights Englische Liga,Premier League Sky,233
Highlights Englische Liga,Highlights,176
fashion,deutsch,86
fashion,youtuber,84
fashion,german,82
justin,fashion,82
fashion,best,55
monte,montanablack,102
montanablack,knossi,61
deutsch,montanablack,59
trymacs,montanablack,57
lustig,montanablack,49
Fußball,Borussia Dortmund,72
Borussia Dortmund,DAZN,58
lustig,trends,89
vlog,trends,70
comedy,trends,46
challenge,trends,45
Nachrichten,News,62
News,Nachrichten,54
News,Politik,43
News,Unterhaltung,31
tipps,tricks,132
deutsch,tipps,87
tipps,eliasn97,79
tipps,eli,79
FC Bayern,Fußball,128
RTL,Musik,39
Musik,Show,32
DSDS,Musik,30
Musik,funk,21
Musik,Music,21
Joko,ProSieben,116
Claas,ProSieben,115
Klaas,ProSieben,114
ProSieben,show,61
ProSieben,comedy,59
audi,tuning,65
tuning,auto,44
hardcore,tuning,36
tuning,audi,32
tuning,mercedes,30
liebe,beziehung,120
ganze folge,beziehung,104
preview,beziehung,103
tv now,beziehung,103
RTL,beziehung,103
workout,training,100
bodybuilding,training,69
fitness,training,52
training,vlog,37
lustig,amerika,184
usa,amerika,152
amerika,scetch,148
verarsche,amerika,148
방탄소년단,BTS,109
BTS,방탄소년단,17
BTS,music,9
yt:cc=on,BTS,7
apple,deutsch,75
apple,german,72
apple,unboxing,19
apple,tech,18
apple,review,17
funny,viral,42
viral,funny,40
viral,comedy,31
kochen,food,26
food,challenge,23
vlog,food,18
bodybuilding,fitness,45
fitness,realtalk,38
fitness,sport,33
fitness,workout,31
kochen,backen,47
essen,kochen,37
kochen,rezepte,30
rezepte,kochen,29
Bundesliga,sportstudio,98
Bundesliga Highlights,sportstudio,93
deutsch,tricks,91
tricks,eli,79
tricks,hertha,78
lustig,usa,151
fun,usa,149
varion,usa,148
happy,usa,148
RTL+,RTL +,225
RTL,RTL+,214
TVNOW,RTL+,178
RTL+,RTL Plus,176
RTL+,RTLplus,88
funny,tik tok,85
tik tok,tiktok,39
deutsch,tik tok,33
family,family friendly,79
familie,family,55
vlog,family,41
TVNOW,RTL +,178
RTL,TVNOW,173
TVNOW,RTL Plus,159
TVNOW,RTLplus,140
unterhaltung,lustig,59
comedy,unterhaltung,52
lustig,unterhaltung,51
unterhaltung,comedy,39
DFB,Highlights,89
Fußball,DFB,87
Fussball,DFB,87
DFB,Fußball,77
Football,DFB,70
fun,happy,154
happy,lustig,152
happy,comedy,152
happy,scetch,152
varion,happy,152
RTL,RTL +,212
RTL Plus,RTL +,145
RTLplus,RTL +,140
new,song,49
music,song,36
song,music,32
musik,song,31
sport,song,27
Ronaldo,,180
Serie A,,180
goals,,180
stream,,110
engineering,science,39
education,science,35
experiment,science,34
science,engineering,31
science,experiment,29
gameplay,trailer,32
marvel,trailer,22
new,trailer,22
deutsch,trailer,22
tips,trailer,19
how to,funny,79
how to,fun,56
how to,tips,56
do it yourself,how to,55
vlogs,daily,67
niklas sommer,vlogs,46
hertha,vlogs,46
sidney friede,vlogs,46
Funny,lustig,74
Funny,comedy,66
Funny,geld,62
Funny,Experiment,62
eliasn97,niklas wilson,143
eligella,eliasn97,139
eliasn97,niklas sommer,139
eliasn97,sidneyeweka,87
frankfurt,rap,101
azzlackz,frankfurt,90
haftbefehl,frankfurt,90
nimo,frankfurt,58
frankfurt,video,58
preview,vorschau,210
vorschau,tägliche highlights,208
oskar köln 50667,vorschau,208
danilo köln 50667,vorschau,208
köln 50667 jill,vorschau,208
best of,twitch,70
best of,highlights,67
best of,stream,61
highlights,best of,55
lustig,best of,53
UEFA Champions League,UEFA Champions League Highlights,152
UEFA Champions League,DAZN UEFA Champions League,147
UEFA Champions League,UEFA Champions League DAZN,144
UEFA Champions League,Highlights UEFA Champions League,133
RTLZWEI,Auto,83
RTL2,Auto,83
Matthias Malmedie,Auto,82
Auto,Motorsport,67
krass schule,schule,183
krass schule,preview,182
krass schule,RTL,182
krass schule,ganze folge,182
deutsch,reagiert,53
lustig,reagiert,47
vlog,reagiert,46
hamburg,behind the scenes,73
hamburg,germany,42
hamburg,do it yourself,40
hamburg,diy,40
hamburg,tips,39
youtube,youtuber,81
best,youtube,56
deutsch,youtube,54
fashion,youtube,53
german,youtube,53
Berlin,Show,60
ProSieben,Show,56
Show,Comedy,55
Joko,Show,55
Show,TV,54
50667,oscar köln,208
50667,ganze folge köln,208
50667,tägliche highlights,208
50667,preview,208
k50667,oscar köln,208
k50667,nelly köln 50667,208
50667,k50667,208
RTL2,k50667,208
RTL,k50667,208
ARD,ZDF,48
WDR,ARD,39
ARD,Comedy,38
Comedy,ARD,37
twitch,stream highlights,48
stream highlights,reaktion,41
Knossi,stream highlights,40
highlights,stream highlights,33
stream highlights,twitch,33
nelly köln 50667,oscar köln,208
ganze folge,nelly köln 50667,208
tv now,nelly köln 50667,208
nelly köln 50667,köln 50667 jill,208
preview,nelly köln 50667,208
Bundesliga Highlights,DAZN,100
Bundesliga Highlights,DAZN Highlights,97
Fußball,Bundesliga Highlights,95
köln 50667 nelli,oscar köln,208
RTL,köln 50667 nelli,208
tv now,köln 50667 nelli,208
köln 50667 nelli,toni köln 50667,208
preview,köln 50667 nelli,208
ganze folge köln,oscar köln,208
ganze folge köln,Stella Köln 50667,208
k50667,ganze folge köln,208
Stella Köln 50667,oscar köln,208
Stella Köln 50667,köln 50667 luca,208
ganze folge,Stella Köln 50667,208
tv now,Stella Köln 50667,208
stream,Stella Köln 50667,208
toni köln 50667,oscar köln,208
soap köln,toni köln 50667,208
danilo köln 50667,toni köln 50667,208
toni köln 50667,köln 50667 phil,208
köln 50667 luca,toni köln 50667,208
oskar köln 50667,köln 50667 luca,208
oskar köln 50667,oscar köln,208
ganze folge köln,oskar köln 50667,208
Stella Köln 50667,oskar köln 50667,208
preview köln,oskar köln 50667,208
köln 50667 luca,oscar köln,208
preview köln,köln 50667 luca,208
danilo köln 50667,köln 50667 luca,208
oscar köln,tägliche highlights,208
preview köln,oscar köln,208
tv now,oscar köln,208
RTL2,oscar köln,208
ganze folge,oscar köln,208
danilo köln 50667,oscar köln,208
ganze folge köln,danilo köln 50667,208
Stella Köln 50667,danilo köln 50667,208
oskar köln 50667,danilo köln 50667,208
köln 50667 jill,oscar köln,208
köln 50667 nelli,köln 50667 jill,208
Serie,köln 50667 jill,208
Köln,köln 50667 jill,208
RTL2,köln 50667 jill,208
köln 50667 phil,oscar köln,208
preview köln,köln 50667 phil,208
RTL,köln 50667 phil,208
köln 50667 phil,köln 50667 jill,208
danilo köln 50667,köln 50667 phil,208
ganze folge,preview köln,208
tv now,preview köln,208
preview,preview köln,208
soap köln,köln 50667 luca,208
soap köln,oscar köln,208
Serie,soap köln,208
50667,soap köln,208
k50667,soap köln,208
Formel 1,Lewis Hamilton,89
Formel 1,Europa League,80
Fussball,Formel 1,80
Football,Formel 1,80
FIFA,Formel 1,80
beate köln 50667,vorschau,207
oskar köln 50667,beate köln 50667,207
tv now,beate köln 50667,207
RTL,beate köln 50667,207
preview,beate köln 50667,207
Formel 1,Motorsport,61
F1,Motorsport,50
RTL2,Motorsport,47
Matthias Malmedie,Motorsport,45
show,comedy,70
Claas,show,62
Klaas,show,62
Joko,show,62
RTL,RTL Plus,193
RTLplus,RTL Plus,91
Liebe,Beziehung,53
Comedy,Beziehung,46
Beziehung,ganze folge,45
fun,Beziehung,43
Sketch,Beziehung,43
rap,official video,61
frankfurt,official video,56
bushido,official video,55
farid bang,official video,54
samra,capital bra,72
bushido,capital bra,72
capital bra,luciano,68
capital bra,samra,36
neue folgen,ganze folge,183
neue folgen,tv now,182
neue folgen,preview,182
neue folgen,RTL,182
mc,bastighg,123
mc,challenge,122
mc,ghg,122
mc,deutsch,117
beauty,vlog,56
beauty,baby,42
beauty,deutsch,41
beauty,lustig,39
fashion,beauty,39
music,music video,27
music video,tiktok,24
music video,pop,20
music video,rap,19
music video,official,18
deutsch,knossi,43
knossi,twitch,41
unsympathischtv,knossi,39
lustig,knossi,38
sketch,lustig,108
sketch,comedy,106
comedy,sketch,47
funny,sketch,24
eligella,eli,135
eligella,niklas wilson,120
eligella,niklas sommer,109
dokumentation,experiment,40
Sports,Motor Racing,118
F1,Sports,118
Sports,GP,118
Formula 1,Sports,118
7 vs wild,fritz meinecke,45
maeximiliano,fritz meinecke,37
deutsch,fritz meinecke,33
lustig,fritz meinecke,32
german,fritz meinecke,31
challenge,hardcore,113
ghg,hardcore,112
bastighg,hardcore,112
mc,hardcore,112
minecraft challenge,challenge,71
deutsch,minecraft challenge,41
funny,minecraft challenge,37
dream,minecraft challenge,37
sky,sky sport hd,172
sky,highlights,172
sky,sky highlights,172
sky,Sky Highlights,155
TV,Fernsehen,58
Fernsehen,Show,53
Fernsehen,Comedy,49
Fernsehen,TV,46
comedy,humor,98
funny,humor,92
humor,funny video,45
humor,interview,44
humor,highlight,43
trymacs,monte,49
monte,knossi,37
monte,unsympathischtv,31
monte,trymacs,29
Reaktion,Twitch,38
Twitch,Livestream,37
Reaction,Twitch,36
Monte,Twitch,33
Livestream,Twitch,30
bushido,luciano,74
samra,bushido,70
rap,bushido,61
Sky,Sky Sport,139
Sky,Sky Highlights,130
Sky,sky deutschland,92
Fußball Highlights,Sky,77
EPL Highlights,Sky,75
Deutsch,German,65
German,DAZN Highlights,41
German,DAZN,40
Sport,German,35
German,Deutsch,23
FIFA,Fußball,115
FIFA,Fussball,111
FIFA,Soccer,111
UEFA,FIFA,91
FIFA,Football,91
deutsch,youtuber,94
german,youtuber,59
justin,youtuber,53
Records,Rap,13
Live,Records,7
Records,Rock,6
the,Records,4
aktuell,welt,64
nachrichten,aktuell,63
aktuell,video,58
Challenge,TV Sendung,15
Challenge,TV,15
Challenge,ARD,15
lustig,Challenge,14
Formula One,Formula 1,135
Formula 1,Grand Prix,129
Formula 1,GP,123
Formula 1,Auto Racing,119
battle royale,deutsch,73
highlights,battle royale,73
highlight,battle royale,73
twitch,battle royale,73
die jungen lehrer,schule,182
die jungen lehrer,RTL,182
preview,die jungen lehrer,182
rtl2,die jungen lehrer,182
Monte,Livestream,65
Livestream,Stream,48
Fußball,Livestream,36
krass schule neue staffel,tv now krass schule,181
die jungen lehrer,krass schule neue staffel,181
RTL,krass schule neue staffel,181
ganze folge,krass schule neue staffel,181
tv now,krass schule neue staffel,181
ganze folge,krasse schule,181
neue folgen,krasse schule,181
krass schule,krasse schule,181
RTL,krasse schule,181
krass klassenfahrt,krasse schule,181
die jungen lehrer,tv now krass schule,181
RTLZWEI,tv now krass schule,181
schule,tv now krass schule,181
krass schule,tv now krass schule,181
preview,tv now krass schule,181
bundesliga,champions league,28
bundesliga,bayern,25
bundesliga,fussball,19
bundesliga,fußball,18
lustig,Experiment,63
geld,Experiment,62
interview,Experiment,62
berlin,Experiment,62
family friendly,football,67
minecraft,family friendly,31
comedy,family friendly,30
ufc,mma,83
mma,fight,63
mma,ufc,45
mma,highlights,30
mma,vlog,20
RTL,Liebe,71
preview,Liebe,57
tv now,Liebe,57
ganze folge,Liebe,57
krass schule 2020,tv now krass schule,178
krass schule 2020,krass schule neue staffel,178
neue folgen,krass schule 2020,178
preview,krass schule 2020,178
schule,krass schule 2020,178
welt,tv,70
aktuell,tv,56
video,tv,55
TVNOW,Stream,78
RTL,Stream,67
Stream,RTL+,51
Stream,RTL +,51
Reaktion,Reaction,51
Reaktion,lustig,48
Reaktion,Livestream,29
Reaktion,meme,27
Mexify,paluten,59
minecraft,paluten,27
paluten,bastighg,23
paluten,rewinside,22
paluten,unge,21
Selbstexperiment,Experiment,46
Doku,Selbstexperiment,46
Dokumentation,Selbstexperiment,46
Reportage,Selbstexperiment,45
Selbstexperiment,Test,44
Eintracht Frankfurt,Frankfurt,54
Frankfurt,Soccer,31
Frankfurt,Football,30
Frankfurt,Fussball,30
Dortmund,Frankfurt,23
ufc,fight,71
ufc,highlights,34
ufc,interview,29
mc,corona,22
news,corona,21
aktuell,corona,19
nachrichten,corona,19
welt,corona,15
Liverpool,FC Liverpool,77
Fußball Highlights,Liverpool,73
Highlights Englische Liga,Liverpool,69
EPL Highlights,Liverpool,69
Highlights,Liverpool,55
Reportage,Test,51
Dokumentation,Test,51
Experiment,Test,46
Doku,Test,44
sky sport hd,sky highlights,173
sky sport hd,Sky Highlights,156
video,official,26
official,official video,22
official,music,19
trailer,official,17
sky highlights,Sky Highlights,156
boxing,sports,15
viral,sports,14
sports,football,11
sports,highlights,10
sport,sports,10
Music,Video,17
Music,music video,14
Music,Germany,14
niklas wilson,niklas sommer,140
eli,niklas wilson,115
Polizei,Reportage,41
Dokumentation,Polizei,40
Doku,Polizei,24
Polizei,polizei,23
TV,Polizei,19
vlog,lifestyle,75
beauty,lifestyle,33
lifestyle,funny,26
lifestyle,sketch,21
fashion,lifestyle,20
gameplay,games,33
games,gaming,23
games,lustig,22
best,german,61
best,deutsch,53
best,youtuber,52
minecraft,bastighg,130
bastighg,ghg,122
bastighg,deutsch,117
cleo köln 50667,köln 50667 online schauen kostenlos,168
tv now,cleo köln 50667,168
köln 50667 nelli,cleo köln 50667,168
ganze folge köln,cleo köln 50667,168
Stella Köln 50667,cleo köln 50667,168
preview köln,köln 50667 online schauen kostenlos,168
preview,köln 50667 online schauen kostenlos,168
oscar köln,köln 50667 online schauen kostenlos,168
danilo köln 50667,köln 50667 online schauen kostenlos,168
köln 50667 jill,köln 50667 online schauen kostenlos,168
azzlackz,haftbefehl,79
nimo,haftbefehl,56
rezept,rezepte,72
rezepte,rezept,46
rezept,asmr,41
hardcore,audi,36
audi,mercedes,33
mercedes,audi,30
varion,lustig,154
varion,comedy,152
varion,scetch,152
fritz meinecke,7 vs wild,31
reaktion,7 vs wild,20
7 vs wild,knossi,19
Survival,7 vs wild,18
Bayern,FCB,53
Bayern,DAZN,45
Bayern,FC Bayern München,39
Bayern,DAZN Highlights,39
Fußball,Bayern,38
WDR,nachrichten,39
WDR,Politik,37
WDR,witzig,31
WDR,fun,31
eli,niklas sommer,109
eli,fifa 22,108
eli,eliasn97,87
music,pop,27
official video,pop,20
live,pop,18
song,pop,18
UEFA Champions League Highlights,DAZN UEFA Champions League,144
UEFA Champions League DAZN,DAZN UEFA Champions League,138
DAZN UEFA Champions League,Highlights UEFA Champions League,126
schwangerschaft,umzug,50
familie,schwangerschaft,38
Mexify,Fortnite,31
deutsch,Fortnite,17
Fortnite,paluten,14
highlight,Fortnite,13
highlights,Fortnite,13
bodybuilding,workout,58
workout,happy,26
rezepte,asmr,40
sidneyeweka,sidney friede,156
sidneyeweka,niklas wilson,115
sidneyeweka,niklas sommer,110
sidneyeweka,fifa 22,108
lustig,inscope21,36
funny,inscope21,36
inscope21,lustig,34
inscope21,unterhaltung,31
inscope21,funny,30
Video,Berlin,15
Video,music video,13
Video,2022,12
Video,Deutsch,11
lustig,man,123
comedy,man,123
varion,man,121
fun,man,120
happy,man,118
welt,video,59
highlights,champions league,33
champions league,soccer,29
football,champions league,28
champions league,messi,27
sascha,reaktion,38
unsympathischtv,sascha,35
sascha,twitch,29
highlights,sascha,27
stream highlights,sascha,26
Joko,Claas,116
Klaas,Claas,112
Claas,comedy,60
ZDF,Corona,18
TV,Corona,12
ARD,Corona,10
Reportage,Corona,9
Comedy,Corona,8
Nachrichten,Politik,49
nachrichten,Politik,38
ARD,Politik,26
verarsche,comedy,152
lustig,verarsche,150
fun,verarsche,149
happy,verarsche,149
verarsche,scetch,149
Nachrichten,funk,39
Fernsehen,Nachrichten,34
sidney friede,niklas wilson,113
sidney friede,niklas sommer,110
sidney eweka,sidney friede,90
Fußball,Interview,33
FCB,Interview,24
Soccer,Interview,22
RTL,Interview,22
Football,Interview,20
TikTok,lustig,18
TikTok,Comedy,15
TikTok,witzig,13
Funny,TikTok,11
TikTok,tiktok,11
asmr,mukbang,41
mukbang,Beziehung,15
mukbang,fitness,11
funny,mukbang,10
mukbang,asmr,9
do it yourself,challenge,53
do it yourself,fun,53
do it yourself,tricks,53
lustig,geld,68
comedy,geld,63
highlights,goals,92
soccer,goals,46
Serie A,goals,45
Ronaldo,goals,45
jp performance,do it yourself,44
jp performance,diy,42
tutorial,jp performance,39
behind the scenes,jp performance,39
lustig,scetch,154
scetch,comedy,152
fun,scetch,152
Trailer,Fernsehen,32
Trailer,TVNOW,32
Trailer,RTL,32
Trailer,RTL +,31
Trailer,RTL+,31
UEFA Champions League Highlights,UEFA Champions League DAZN,142
UEFA Champions League Highlights,Highlights UEFA Champions League,130
Formula One,Grand Prix,129
Formula One,GP,123
Formula One,Sport,118
Real Madrid,DAZN Highlights,78
Real Madrid,DAZN,75
Real Madrid,DAZN Fußball International,30
Real Madrid,DAZN UEFA Champions League,27
Champions League,Real Madrid,25
vs,DAZN Länderspiele,25
Deutschland,DAZN Länderspiele,16
DAZN Länderspiele,DAZN Highlights,15
schwanger,umzug,53
baby,umzug,35
vlog,umzug,34
vlog,roomtour,27
Vlog,roomtour,23
auswandern,roomtour,22
haus,roomtour,13
umzug,roomtour,13
mobile game,battle royale,60
mobile game,update,13
mobile game,animation,11
mobile game,game,7
Formula 1,Action,119
F1,Action,119
Action,GP,118
Sports,Action,118
instagram,german,41
justin,instagram,31
instagram,fashion,31
instagram,tipps,30
instagram,game,30
sidney eweka,fifa 21,68
sidney friede,fifa 21,63
sidneyeweka,fifa 21,63
fifa 21,eliasn97,50
fifa 21,eligella,48
deutsch,papaplatte,46
bastighg,papaplatte,36
twitch,papaplatte,34
german,papaplatte,32
minecraft,papaplatte,26
austausch,exchange,147
happy,austausch,147
verarsche,austausch,147
amerika,austausch,147
fun,austausch,147
Beziehung,Familie,31
Familie,Party,27
Liebe,Familie,25
Familie,Geld,19
Familie,Liebe,15
RTL2,Matthias Malmedie,82
RTLZWEI,Matthias Malmedie,82
Matthias Malmedie,Review,42
haul,entertainment,23
fail,entertainment,23
tutorial,entertainment,23
diy,entertainment,22
österreich,entertainment,22
köln 50667 bo und leonie,köln 50667 online schauen kostenlos,149
Serie,köln 50667 bo und leonie,149
k50667,köln 50667 bo und leonie,149
50667,köln 50667 bo und leonie,149
danilo köln 50667,köln 50667 bo und leonie,149
FC Barcelona,DAZN,82
FC Barcelona,DAZN Highlights,66
Barcelona,FC Barcelona,58
FC Barcelona,FCB,47
FC Barcelona,Barcelona,43
exchange,comedy,148
exchange,scetch,148
amerika,exchange,148
fun,exchange,148
happy,exchange,148
rewinside,rewi,77
rewinside,highlights,48
rewinside,funny,47
rewinside,lustig,46
rewinside,best of,46
GP,Auto Racing,118
fortnite,icrimax,53
icrimax,minecraft,31
minecraft,icrimax,26
deutsch,icrimax,22
challenge,icrimax,19
vs,DAZN,32
vs,DAZN Highlights,31
vs,test,22
vs,russland,16
EPL2020/21,Highlights,146
Premier League Sky,EPL2020/21,146
Fußball Highlights,EPL2020/21,146
Premier League,EPL2020/21,146
Sky Highlights,EPL2020/21,146
rewi,lustig,49
rewi,funny,49
rewi,highlights,48
rewi,best of,47
F1,Lewis Hamilton,119
GP,Lewis Hamilton,59
Formula One,Lewis Hamilton,52
Formula 1,Lewis Hamilton,43
UEFA Champions League DAZN,DAZN,130
UEFA Champions League DAZN,Highlights UEFA Champions League,124
Liebe,Party,36
Beziehung,Party,35
2022,Party,23
Germany,Party,22
Reportage,TV Sendung,67
Dokumentation,TV Sendung,67
RTL,TV Sendung,66
Doku,TV Sendung,66
deutsch,storytime,92
twitch,storytime,58
german,storytime,58
Papaplatte,storytime,53
asmr,essen,24
asmr,yt:cc=on,19
deutsch,update,57
minecraft,update,51
challenge,update,50
bastighg,update,45
ghg,update,45
Liverpool,premier league,38
football,premier league,37
premier league,football,25
soccer,premier league,19
premier league,stream,14
lustig,unsympathischtv,50
twitch,unsympathischtv,41
montanablack,unsympathischtv,39
tutorial,daily,39
rtl2,rtl,52
rtl,tv now,45
rtl,reaktion,27
rtl,rtlzwei,20
rtl,neue folgen,17
Sky Highlights,Sky Sport,97
Sky Sport,sky deutschland,92
Fußball Highlights,Sky Sport,77
Premier League Highlights,Sky Sport,75
Fußball Highlights,Manchester City,60
EPL Highlights,Manchester City,54
Highlights Englische Liga,Manchester City,54
Highlights,Manchester City,43
Manchester City,DAZN,40
Survival,Natur,87
Survival,Berlin,81
Reaction,Survival,29
fritz meinecke,Survival,27
lustig,Lustig,27
fun,Lustig,27
varion,Lustig,27
man,Lustig,26
RTL,RTLplus,140
gamerbrother,vlog,41
fifa,gamerbrother,19
gamerbrother,fifa 21,15
gamerbrother,fifa,15
gamerbrother,deutsch,15
PSG,DAZN,76
PSG,DAZN Highlights,75
Paris,PSG,55
PSG,DAZN Fußball International,34
PSG,Paris,28
trymacs,unge,29
Mexify,unge,28
rewi,unge,28
monte,unge,28
montanablack,unge,25
yt:cc=on,방탄소년단,5
Entertainment,방탄소년단,4
Music,방탄소년단,4
justin,german,83
justin,deutsch,53
justin,best,52
Barcelona,DAZN Highlights,60
Barcelona,DAZN,60
Sport,Barcelona,46
germany,behind the scenes,72
germany,tutorial,42
germany,do it yourself,40
germany,diy,39
boxing,highlights,46
live,boxing,11
twitch,boxing,10
stream highlights,boxing,10
champions league,bayern,17
comedy,bayern,17
bayern,champions league,15
fußball,bayern,14
samra,luciano,69
challenge,battle,49
minecraft,battle,44
deutsch,battle,41
bastighg,battle,38
mc,battle,38
lustig,Sketch,65
Sketch,funny,61
man,Sketch,56
varion,Sketch,55
Fußball,Eintracht Frankfurt,53
Fussball,Eintracht Frankfurt,45
Football,Eintracht Frankfurt,39
FIFA,Eintracht Frankfurt,38
ZDF,Physik,44
Physik,Deutsch,41
Experiment,Physik,40
Physik,doku,17
science,Physik,2
hertha,fifa 22,108
hertha,eliasn97,80
hertha,eligella,80
deutsch,hertha,79
tipps,hertha,79
news,russland,33
nachrichten,russland,33
deutsch,russland,27
lustig,russland,27
german,russland,27
DAZN,Highlights UEFA Champions League,130
backen,familie,15
backen,rezepte,13
backen,essen,13
backen,food,10
funny,react,63
react,reaction,51
comedy,react,36
react,humor,30
gaming,react,30
Football,Tennis,24
Soccer,Tennis,24
Tennis,RTL,22
Tennis,UEFA Europa League,22
Fussball,Tennis,22
UEFA,Football,92
UEFA,Fussball,90
UEFA,Fußball,90
UEFA,Europa League,90
nintendo,action,52
game,action,37
fun,action,36
gameplay,action,32
animation,action,21
Berlin,Natur,80
Landwirtschaft,Natur,25
Natur,7 vs wild,7
GP,Grand Prix,118
Action,Grand Prix,118
Knossi,twitch,33
Knossi,highlights,30
Knossi,7 vs wild,18
memes,Knossi,17
rezo,lustig,27
Mexify,rezo,24
rezo,witzig,24
rewi,rezo,18
paluten,rezo,17
DAZN,Goal Deutschland,130
Serie A,Goal Deutschland,48
Highlights,Goal Deutschland,24
Football,Goal Deutschland,24
kinder,vlog,59
kinder,schwanger,46
kinder,baby,39
familie,kinder,35
lustig,kinder,34
Hamburg,Bundesliga,22
Fussball,Hamburg,18
Hamburg,Deutschland,17
Hamburg,Pressekonferenz,16
Hamburg,DFB,16
funny,tips,58
tricks,tips,57
laugh,tips,57
diy,tips,53
neue folgen,staffel 4,126
ganze folge,staffel 4,126
krass schule,staffel 4,125
schule,staffel 4,125
RTLZWEI,staffel 4,125
Serie A,DAZN,69
Serie A,DAZN Highlights,65
Ronaldo,Serie A,53
krass klassenfahrt,parodie,23
parodie,reaktion,22
liebe,parodie,22
rtl,parodie,15
reaktion,parodie,13
minecraft,dream,102
dream,challenge,38
dream,funny,31
minecraft challenge,dream,23
Bayern Munich,Football,90
Bayern Munich,Fußball,90
Bayern Munich,Soccer,90
Bayern Munich,FCB,87
fußball,fussball,28
fussball,Fußball,19
fussball,highlights,18
fussball,fußball,17
highlights,goal,62
soccer,goal,49
goal,messi,24
goal,champions league,23
unboxing,review,32
tech,unboxing,24
unboxing,deutsch,23
unboxing,new,20
unboxing,youtube,19
Fußball Highlights,Manchester United,51
Highlights Englische Liga,Manchester United,50
EPL Highlights,Manchester United,49
Premier League,Manchester United,44
Highlights,Manchester United,42
Monte,Stream,35
memes,Monte,23
meme,Monte,23
Test,Review,24
Review,Test,20
Review,German,17
Review,deutsch,15
challenge,team,67
minecraft,team,62
ghg,team,61
mc,team,61
bastighg,team,61
rap,farid bang,67
haftbefehl,farid bang,56
azzlackz,farid bang,56
nimo,farid bang,55
frankfurt,farid bang,55
funny,funny video,66
Funny,funny video,46
comedy,funny video,45
funny video,highlight,43
minecraft,pvp,121
mc,pvp,116
ghg,pvp,116
bastighg,pvp,116
challenge,pvp,116
lustig,Entertainment,48
fun,Entertainment,46
comedy,Entertainment,46
man,Entertainment,46
varion,Entertainment,44
bodybuilding,realtalk,35
bodybuilding,vlog,24
vlog,fight,20
fight,mma,16
interview,fight,13
deutschland,österreich,27
fail,österreich,24
österreich,diy,23
österreich,tutorial,23
haul,österreich,23
berlin tag und nacht,btn ganze folgen,127
berlin - tag & nacht,btn ganze folgen,127
btn,btn ganze folgen,127
rtl2,btn ganze folgen,127
rtlzwei,btn ganze folgen,127
Papaplatte,deutsch,54
Papaplatte,realtalk,53
Papaplatte,german,53
Papaplatte,twitch,52
soccer,messi,55
football,messi,54
Barcelona,messi,18
nintendo,game,35
nintendo,fun,32
nintendo,funny,25
challenge,brotatos,80
brotatos,challenge,34
vlog,brotatos,26
DAZN,DAZN Fußball International,125
Paris,DAZN Fußball International,28
marvel,science,7
marvel,official,7
minecraft,marvel,5
shorts,marvel,5
musikvideo,musik,26
deutschrap,musikvideo,24
musik,musikvideo,19
musikvideo,song,16
musikvideo,berlin,15
comedy,trending,37
funk,trending,33
trending,trends,30
trending,unterhaltung,28
musik,trending,26
Mexify,rewinside,25
rtlzwei,berlin tag und nacht tvnow,125
rtl2,berlin tag und nacht tvnow,125
berlin tag und nacht,berlin tag und nacht tvnow,125
btn,berlin tag und nacht tvnow,125
berlin - tag & nacht,berlin tag und nacht tvnow,125
the,unsympathischtv,23
the,best,18
twitch,the,17
video,the,16
knossi,the,16
btn,berlin tag und nacht nachschauen,125
berlin tag und nacht folge von heute,berlin tag und nacht nachschauen,125
preview,berlin tag und nacht nachschauen,125
Berlin,berlin tag und nacht nachschauen,125
ganze folge,berlin tag und nacht nachschauen,125
funny,laugh,74
challenge,laugh,63
laugh,fun,53
prank,laugh,53
Football,Europa League,99
Fussball,Europa League,99
Soccer,Europa League,99
Fußball,Europa League,91
clash of clans,yt:cc=on,9
clash of clans,trailer,4
clash of clans,animation,2
clash of clans,paluten,2
deutsch,clash of clans,2
auto,amg,34
maeximiliano,amg,33
werkstatt,amg,31
tricks,amg,25
Reportage,polizei,21
Dokumentation,polizei,19
polizei,tuning,15
news,polizei,12
twitch,lost,103
lustig,lost,102
livestream,lost,101
live,lost,101
highlight,lost,100
deutsch,haus,41
lustig,haus,39
vlogs,haus,36
haus,vlog,36
beauty,haus,35
fashion,haul,46
tutorial,haul,39
love,haul,39
beauty,haul,38
haul,vlog,38
minecraft,ghg,122
ghg,deutsch,117
vlog,auswandern,53
familie,auswandern,47
family,auswandern,35
auswandern,umzug,30
schwanger,auswandern,29
hip hop,luciano,67
rap,luciano,12
nimo,rap,82
nimo,video,56
fritz meinecke,Reaction,27
Reaction,Reaktion,22
Beziehung,Geld,18
lustig,Geld,17
trymacs,Geld,13
memes,Geld,13
minecraft,speedrun,80
challenge,speedrun,58
pvp,speedrun,57
mc,speedrun,54
deutsch,speedrun,53
monte,freundin,24
challenge,freundin,20
preview,freundin,20
RTL,freundin,20
tv now,freundin,20
UEFA Champions League,DAZN Highlights UEFA Champions League,120
UEFA Champions League Highlights,DAZN Highlights UEFA Champions League,118
DAZN,DAZN Highlights UEFA Champions League,116
DAZN UEFA Champions League,DAZN Highlights UEFA Champions League,113
UEFA Champions League DAZN,DAZN Highlights UEFA Champions League,111
kritik,reaktion,43
kritik,reaction,42
kritik,review,27
musik,kritik,25
kritik,deutsch,20
Highlights,Chelsea,52
Premier League,Chelsea,47
Sky Fußball,Chelsea,45
Sky Highlights,Chelsea,45
Fußball Highlights,Chelsea,45
Ronaldo,highlights,46
Ronaldo,DAZN,33
Paris,DAZN,67
Paris,DAZN Highlights,64
fut,eli,84
fut,eliasn97,84
fut,eligella,84
fut,deutsch,83
fut,tipps,78
behind the scenes,do it yourself,40
behind the scenes,tips,39
behind the scenes,tutorial,39
F1,Auto Racing,119
Auto Racing,Motor Racing,118
Grand Prix,Auto Racing,118
Joko,Klaas,65
Joko,comedy,60
Landwirtschaft,Claas,24
Landwirtschaft,Germany,13
Claas,Landwirtschaft,11
Landwirtschaft,German,10
niklas wilson,stadionvlog,66
hertha,stadionvlog,64
tipps,stadionvlog,64
eliasn97,stadionvlog,64
eligella,stadionvlog,64
Formula 1,Motor Racing,118
Sport,Motor Racing,118
F1,Motor Racing,118
Fussball,Pressekonferenz,65
Soccer,Pressekonferenz,60
Fußball,Pressekonferenz,60
Football,Pressekonferenz,55
FC Bayern München,Pressekonferenz,44
Klaas,comedy,60
vlog,urlaub,26
urlaub,vlog,19
lustig,urlaub,19
urlaub,lustig,14
familie,urlaub,13
Motorsport,engineering,27
Turbo,engineering,27
Boost,engineering,27
werkstatt,maeximiliano,34
tutorial,lego,42
tips,lego,38
jp performance,lego,38
do it yourself,lego,38
hamburg,lego,38
DSDS,RTL,83
DSDS,RTL+,56
DSDS,RTL Plus,55
DSDS,RTL +,55
DSDS,TVNOW,46
Rock,Party,21
Germany,Rock,21
Rock,2022,21
video,Rock,11
musik,Rock,10
Football,UEFA Europa League,76
Sport,UEFA Europa League,73
RTLplus,UEFA Europa League,72
RTL Plus,UEFA Europa League,72
Fußball,UEFA Europa League,72
german,werkstatt,33
deutsch,werkstatt,33
spaß,werkstatt,32
sidney eweka,niklas wilson,82
sidney eweka,niklas sommer,76
sidneyeweka,sidney eweka,73
sidney eweka,fifa 22,69
nimo,azzlackz,55
Sportschau,Fußball,10
Sportschau,Bundesliga,6
Sportschau,Highlights,6
Sportschau,Fussball,5
Sportschau,fußball,3
EPL Highlights,FC Liverpool,69
Highlights,FC Liverpool,52
Fußball Highlights,FC Liverpool,49
Premier League Sky,FC Liverpool,46
call of duty,battle royale,70
twitch,call of duty,70
meme,call of duty,69
lost,call of duty,68
trymacs,call of duty,68
minecraft,minecraft hardcore,35
minecraft hardcore,minecraft,31
minecraft hardcore,minecraft challenge,15
minecraft hardcore,hardcore,12
neue folgen,carmen krass schule,115
krass schule neue staffel,carmen krass schule,115
krass schule,carmen krass schule,115
RTL,carmen krass schule,115
tv now,carmen krass schule,115
tech,review,22
tech,youtube,20
review,tech,20
tech,new,20
experiment,education,32
education,funny,25
science,education,23
education,fail,20
