tags,count
deutsch,1558
lustig,1451
funny,1418
comedy,1305
vlog,1213
highlights,1107
RTL,1045
DAZN,1016
rap,966
challenge,923
minecraft,918
Fußball,868
DAZN Highlights,846
deutschrap,845
ganze folge,757
Berlin,744
hiphop,715
tv now,714
german,705
preview,694
twitch,670
Highlights,668
Rap,621
Bundesliga,621
live,619
rtl2,587
tiktok,586
stream,563
fun,562
prank,551
reaction,532
Comedy,521
tutorial,511
news,504
Sport,490
reaktion,489
Deutschrap,488
Football,483
doku,482
ZDF,471
Germany,467
video,467
Dortmund,461
Doku,460
2021,458
funk,452
music,448
Deutschland,444
Dokumentation,437
Fussball,428
Hip Hop,427
Reportage,416
2022,413
fortnite,411
Ferrari,405
liebe,403
football,403
Minecraft,391
berlin,391
Soccer,382
2020,377
TV,373
Fail,369
RTL2,367
trymacs,364
sport,363
VW,362
Tuning,362
witzig,361
gaming,360
shorts,360
BMW,359
VLOG,355
Porsche,353
tägliche highlights,351
Audi,349
Lamborghini,347
Golf,345
test,340
hip hop,338
Bugatti,337
fifa,336
Turbo,334
Premier League,334
livestream,333
Deutsch,332
Boost,331
essen,326
Sky Highlights,325
diy,324
JP Performance,319
Köln,317
interview,316
gameplay,316
soccer,316
Compilation,316
Cars,314
lachen,313
Vlog,311
highlight,311
Jean Pierre Kraemer,310
schwanger,310
rtlzwei,309
Corvette,309
GTI,308
review,308
JP,308
Burnout,307
new,307
fußball,306
realtalk,306
PS Profis,305
Drift,305
Abgasanlage,305
Loud,304
Antilag,304
M4,304
Exhaust,304
Flames,304
918,303
Veyron,303
R8,303
memes,302
yt:cc=on,302
F40,302
Backfire,301
Spyder,301
meme,301
Fußball Highlights,301
BiTurbo,301
Supra,299
F1,297
Pop,296
schule,296
deutschland,296
baby,288
Live,288
familie,287
neu,286
fail,286
nachrichten,281
RTLZWEI,276
berlin tag und nacht,275
DIY,274
btn,273
berlin - tag & nacht,273
Mercedes,271
berlin tag und nacht folge von heute,271
berlin tag und nacht vorschau,270
berlin tag und nacht preview,270
animation,269
hausboot,269
game,269
berlin tag und nacht ganze folge,269
auto,269
zdf,268
BVB,268
spaß,267
berlin tag und nacht folge von gestern,267
sky deutschland,265
mercedes,265
FCB,264
reportage,262
FC Bayern München,258
love,258
Unterhaltung,256
lol,255
2023,255
krass klassenfahrt,255
musik,253
fifa 22,253
Champions League,253
Sky Fußball,252
Premier League Highlights,252
Serie,252
experiment,252
EPL Highlights,250
Highlights Englische Liga,250
fashion,248
montanablack,247
Borussia Dortmund,247
trends,245
News,245
tipps,242
FC Bayern,240
Musik,237
ProSieben,237
tuning,237
beziehung,235
training,234
amerika,233
Premier League Sky,233
BTS,233
apple,233
viral,232
food,231
fitness,231
kochen,231
sportstudio,230
tricks,230
usa,229
RTL+,229
tik tok,228
family,228
TVNOW,227
unterhaltung,227
DFB,226
happy,226
RTL +,225
song,225
,223
science,223
trailer,222
how to,221
vlogs,220
Funny,218
eliasn97,218
frankfurt,218
vorschau,217
best of,216
UEFA Champions League,216
Auto,214
krass schule,213
reagiert,212
hamburg,212
youtube,211
Show,211
50667,210
k50667,209
ARD,209
stream highlights,209
nelly köln 50667,208
Bundesliga Highlights,208
köln 50667 nelli,208
ganze folge köln,208
Stella Köln 50667,208
toni köln 50667,208
oskar köln 50667,208
köln 50667 luca,208
oscar köln,208
danilo köln 50667,208
köln 50667 jill,208
köln 50667 phil,208
preview köln,208
soap köln,208
Formel 1,207
beate köln 50667,207
Motorsport,206
show,206
RTL Plus,206
Beziehung,205
official video,204
capital bra,204
neue folgen,203
mc,202
beauty,201
music video,199
knossi,199
sketch,198
eligella,197
dokumentation,197
Sports,197
fritz meinecke,196
hardcore,196
minecraft challenge,195
sky,193
Fernsehen,192
humor,191
monte,190
Twitch,189
bushido,189
Sky,189
German,189
FIFA,188
youtuber,187
Records,186
aktuell,185
Challenge,183
Formula 1,182
battle royale,182
die jungen lehrer,182
Livestream,181
krass schule neue staffel,181
krasse schule,181
tv now krass schule,181
bundesliga,180
Experiment,179
family friendly,179
mma,178
Liebe,178
krass schule 2020,178
tv,177
Stream,176
Reaktion,176
paluten,176
Selbstexperiment,176
Frankfurt,175
ufc,175
corona,175
Liverpool,174
Test,173
sky sport hd,173
official,173
sky highlights,173
sports,172
Music,171
niklas wilson,171
Polizei,170
lifestyle,170
games,169
best,169
bastighg,168
cleo köln 50667,168
köln 50667 online schauen kostenlos,168
haftbefehl,167
rezept,167
audi,167
varion,166
7 vs wild,166
Bayern,166
WDR,165
eli,165
pop,165
DAZN UEFA Champions League,165
schwangerschaft,165
Fortnite,164
workout,164
rezepte,163
sidneyeweka,163
inscope21,163
Video,163
man,162
welt,161
champions league,161
sascha,161
Claas,160
Corona,160
Politik,160
verarsche,159
Nachrichten,159
sidney friede,159
Interview,158
TikTok,158
mukbang,157
do it yourself,156
geld,156
goals,156
jp performance,155
scetch,155
Trailer,155
UEFA Champions League Highlights,154
Formula One,153
Real Madrid,153
DAZN Länderspiele,153
umzug,152
roomtour,152
mobile game,151
Action,151
instagram,151
fifa 21,151
papaplatte,150
austausch,150
Familie,149
Matthias Malmedie,149
entertainment,149
köln 50667 bo und leonie,149
FC Barcelona,149
exchange,148
rewinside,147
GP,147
icrimax,147
vs,146
EPL2020/21,146
rewi,145
Lewis Hamilton,145
UEFA Champions League DAZN,145
Party,144
TV Sendung,144
storytime,144
asmr,143
update,142
premier league,141
unsympathischtv,141
daily,141
rtl,140
Sky Sport,140
Manchester City,140
Survival,140
Lustig,140
RTLplus,140
niklas sommer,140
gamerbrother,139
PSG,139
unge,138
방탄소년단,138
justin,137
Barcelona,137
germany,137
boxing,137
bayern,137
samra,136
battle,135
Sketch,135
Eintracht Frankfurt,135
Physik,135
hertha,135
russland,134
Highlights UEFA Champions League,134
backen,134
react,134
Tennis,133
UEFA,133
action,133
Natur,133
Grand Prix,132
Knossi,132
rezo,132
Goal Deutschland,132
kinder,132
Hamburg,132
tips,132
staffel 4,131
Serie A,131
parodie,131
dream,130
Bayern Munich,130
fussball,130
goal,130
unboxing,129
Manchester United,129
Monte,129
Review,129
team,128
farid bang,128
funny video,128
pvp,128
Entertainment,128
bodybuilding,128
fight,127
österreich,127
btn ganze folgen,127
Papaplatte,127
messi,126
nintendo,126
brotatos,126
DAZN Fußball International,126
marvel,126
musikvideo,126
trending,126
Mexify,126
berlin tag und nacht tvnow,125
the,125
berlin tag und nacht nachschauen,125
laugh,125
Europa League,125
clash of clans,124
amg,124
polizei,124
lost,123
haus,123
haul,123
ghg,123
auswandern,123
luciano,123
nimo,123
Reaction,122
Geld,122
speedrun,121
freundin,121
DAZN Highlights UEFA Champions League,121
kritik,121
Chelsea,120
Ronaldo,119
Paris,119
fut,119
behind the scenes,119
Auto Racing,119
Joko,118
Landwirtschaft,118
stadionvlog,118
Motor Racing,118
Pressekonferenz,118
Klaas,118
urlaub,118
engineering,118
maeximiliano,118
lego,118
DSDS,118
Rock,117
UEFA Europa League,117
werkstatt,117
sidney eweka,116
azzlackz,116
Sportschau,116
FC Liverpool,116
call of duty,115
minecraft hardcore,115
carmen krass schule,115
tech,115
education,115
